Target_ID,SCR(dB),Phase_Variance,LLM_Classification,Confidence,Reasoning
rigui_257,16.29,3.269,dielectric_coating,medium,观测到的SCR_dB=16.29表明中等散射强度，PhaseVar_rad2=3.269显示显著的相位变化，这与文献中提到的'相对低损耗介电体或具有介电涂层的物体'特征一致，而非完美导体在较高频率下的行为。
rigui_258,14.25,3.2786,dielectric,medium,SCR_dB=14.25表明中等散射强度，PhaseVar_rad2=3.2786显示显著的相位变化，这与文献中提到的'relatively lossy dielectric bodies'的特征一致，表明目标具有介电特性而非完美导体。
rigui_259,14.41,3.2861,dielectric,medium,"SCR_dB=14.41 indicates moderate conductivity, while PhaseVar_rad2=3.2861 suggests significant phase variation consistent with dielectric materials. The RAG context mentions 'relatively low-loss dielectric bodies' as a category distinct from perfect conductors, supporting this classification."
rigui_260,14.06,3.2977,dielectric,medium,"The observed SCR_dB of 14.06 and PhaseVar_rad2 of 3.2977 suggest significant scattering and phase variation, which aligns with dielectric material behavior as referenced in the context discussing 'relatively loose dielectric bodies' and their electromagnetic characteristics. The absence of perfect conductor properties and the moderate confidence reflect the complexity of dielectric responses compared to perfectly conducting bodies."
rigui_261,12.85,3.2736,dielectric,medium,"The observed SCR_dB of 12.85 dB and PhaseVar_rad2 of 3.2736 rad² suggest a non-perfectly conducting body. The RAG context indicates that for dielectric bodies or bodies with dielectric coatings, creeping wave estimates are not well-established, which aligns with the moderate SCR and significant phase variance observed. This combination points towards a dielectric material rather than a perfect conductor."
rigui_262,14.72,3.3014,dielectric,medium,"SCR_dB=14.72 indicates moderate scattering efficiency, while PhaseVar_rad2=3.3014 suggests significant phase variation characteristic of dielectric materials. The retrieved context mentions dielectric bodies and coatings as distinct from perfectly conducting bodies, supporting this classification."
rigui_263,14.8,3.2871,dielectric,medium,"SCR_dB=14.8 indicates moderate radar cross-section with some scattering loss, consistent with dielectric materials. PhaseVar_rad2=3.2871 shows significant phase variation, which aligns with dielectric wave interactions rather than perfect conductor behavior. The RAG context mentions dielectric bodies exhibit different creeping wave characteristics compared to perfect conductors, supporting this classification."
rigui_264,13.63,3.2663,dielectric_or_coated_material,medium,"The observed SCR_dB of 13.63 indicates moderate scattering efficiency, while the high PhaseVar_rad2 of 3.2663 suggests significant phase fluctuations typical of dielectric materials or coated surfaces. The RAG context notes that for non-perfectly conducting bodies, particularly dielectric bodies or bodies with dielectric coatings, creeping wave estimates are not well-established, aligning with these observations that deviate from perfect conductor behavior."
rigui_265,12.82,3.3,dielectric,medium,"The observed SCR_dB of 12.82 indicates moderate scattering efficiency, while the high PhaseVar_rad2 of 3.3 suggests significant phase fluctuations typical of dielectric materials. The RAG context mentions that for non-perfectly conducting bodies like dielectric materials, creeping wave estimates are limited, aligning with the observed characteristics that deviate from perfect conductor behavior."
rigui_266,6.2,3.2895,dielectric_coating,medium,"The observed SCR_dB of 6.2 dB indicates moderate radar cross-section enhancement, while the PhaseVar_rad2 of 3.2895 rad² suggests significant phase fluctuations. These characteristics align with dielectric-coated bodies described in the RAG context, which mention bodies with dielectric coatings as having distinct creeping wave behavior not fully characterized by theoretical models."
rigui_267,13.49,3.2963,dielectric,medium,"The observed SCR_dB of 13.49 dB and PhaseVar_rad2 of 3.2963 rad² suggest significant wave interaction and phase variation, which aligns with dielectric material behavior rather than perfect conductors. The RAG context indicates that for non-perfectly conducting bodies like dielectric materials, creeping wave estimates are limited and experimental data is relied upon, supporting this classification."
rigui_268,12.57,3.2748,dielectric_coating,medium,"The observed SCR_dB of 12.57 indicates moderate scattering efficiency, while the high PhaseVar_rad2 of 3.2748 suggests significant phase variations consistent with dielectric materials. The RAG context mentions bodies with dielectric coatings as having no creeping wave estimates available, aligning with these electromagnetic characteristics."
rigui_269,12.1,3.2651,dielectric_or_coated_body,medium,观测到的SCR_dB=12.1dB和PhaseVar_rad2=3.2651表明存在明显的后向散射和相位变化，这与非完美导体（如低介电常数介质体或具有介质涂层的物体）的特征一致。文献中提到对于这类物体，缺乏精确的爬行波理论估计，主要依赖实验数据，这与观测到的复杂散射行为相符。
rigui_270,6.86,3.2937,dielectric_or_coated_body,medium,"The observed SCR of 6.86 dB indicates moderate radar return, while the high phase variance of 3.2937 rad² suggests significant wave interaction and scattering, characteristic of dielectric materials or coated structures rather than perfect conductors. The RAG context supports that for non-perfectly conducting bodies like dielectrics, creeping wave estimates are less established, aligning with the inference from the observed electromagnetic features."
rigui_271,12.84,3.2854,dielectric_coated_metallic,medium,"The observed SCR_dB value of 12.84 dB indicates moderate scattering efficiency, which is characteristic of dielectric-coated metallic surfaces rather than perfect conductors. The high PhaseVar_rad2 value of 3.2854 rad² suggests significant phase fluctuations, consistent with dielectric coatings or composite materials where creeping wave contributions are not well-characterized theoretically, as noted in the RAG context. This combination rules out perfect conductors and pure dielectrics, pointing to a coated metallic structure."
rigui_272,13.46,3.3169,dielectric_or_coated_body,medium,"The observed SCR of 13.46 dB and high phase variance of 3.3169 rad² suggest significant scattering complexity and phase instability. This behavior aligns more with dielectric materials or coated structures rather than perfect conductors, as perfect conductors typically exhibit lower phase variance and more predictable creeping wave patterns. The RAG context notes that for perfectly conducting bodies at not too high frequencies, reliable estimates exist, but for dielectric bodies or those with coatings, no such creeping wave estimates are available, supporting this inference."
rigui_273,13.37,3.2833,dielectric,medium,"The observed SCR of 13.37 dB and high phase variance of 3.2833 rad² suggest significant wave interaction and scattering, which aligns with dielectric material behavior rather than perfect conductors. The RAG context indicates that for non-perfectly conducting bodies like dielectrics, creeping wave estimates are limited, supporting the inference of a dielectric target."
rigui_274,13.2,3.3055,dielectric_or_coated_body,medium,"The observed SCR_dB value of 13.2 dB and PhaseVar_rad2 of 3.3055 rad² indicate significant scattering variability, which aligns with non-perfectly conducting materials described in the context (e.g., dielectric bodies or dielectric coatings). The absence of reliable creeping wave estimates for such materials supports this classification, though experimental data limitations contribute to medium confidence."
rigui_275,12.54,3.2896,dielectric_or_coated_body,medium,"The observed SCR_dB value of 12.54 suggests moderate scattering, while the high PhaseVar_rad2 of 3.2896 indicates significant phase variation, consistent with dielectric materials or coated bodies as referenced in the context. However, the context notes limited theoretical models for such cases, reducing confidence."
rigui_276,11.82,3.3018,金属材质,中高,观测值显示SCR_dB为11.82 dB，表明目标具有中等强度的镜面散射分量，这通常与导电性良好的金属表面一致。PhaseVar_rad2为3.3018 rad²，表明相位变化较大，这可能是由表面粗糙度或边缘/曲面（如圆柱体、球体）的爬行波贡献引起的。结合RAG上下文中提到的‘对于导电性良好的物体，在频率不太高时，爬行波是重要的贡献因素’，以及当前缺乏非理想导体（如低损耗介质）爬行波估计的背景，推断目标更可能为金属材质。然而，由于相位方差较高，表明存在显著的复杂散射机制，因此置信度定为中高而非极高。
rigui_277,13.55,3.2994,dielectric_or_coated_body,medium,"The observed SCR_dB value of 13.55 suggests moderate radar cross-section, while the high PhaseVar_rad2 value of 3.2994 indicates significant phase variation. This combination aligns with dielectric bodies or bodies with dielectric coatings mentioned in the context, which lack precise creeping wave estimates and typically exhibit such electromagnetic behavior."
rigui_278,12.42,3.285,dielectric_coating,medium,"The observed SCR_dB of 12.42 indicates moderate scattering efficiency, while the high PhaseVar_rad2 of 3.285 suggests significant phase variation consistent with dielectric interactions. The retrieved literature mentions 'bodies with dielectric coatings' as having complex electromagnetic behavior without perfect conductivity, aligning with these characteristics. This combination suggests a dielectric-coated target rather than a perfectly conducting body."
rigui_279,13.14,3.2833,dielectric_or_coated_body,medium,"The observed SCR_dB of 13.14 dB indicates moderate scattering efficiency, while the high PhaseVar_rad2 of 3.2833 rad² suggests significant phase fluctuations characteristic of dielectric materials or coated structures. The RAG context mentions the absence of creeping wave estimates for dielectric bodies and bodies with dielectric coatings, aligning with these observations that deviate from perfect conductor behavior."
rigui_280,14.52,3.2728,dielectric_or_coated_body,medium,"The observed SCR of 14.52 dB and high phase variance of 3.2728 rad² suggest significant wave interactions beyond simple reflection, consistent with dielectric materials or coated bodies where creeping wave contributions are prominent. This aligns with the RAG context indicating that for non-perfectly conducting bodies, particularly dielectric ones, experimental data is relied upon for creeping wave estimates, which matches the complex scattering behavior observed."
rigui_281,13.56,3.3023,dielectric_or_coated_body,medium,"The observed SCR_dB value of 13.56 suggests moderate scattering, while the high PhaseVar_rad2 of 3.3023 indicates significant phase variation, which is characteristic of dielectric materials or coated structures rather than perfect conductors. This aligns with the RAG context noting the absence of creeping wave estimates for dielectric bodies, supporting the inference."
rigui_282,13.45,3.3039,dielectric_or_coated_body,medium,"The observed SCR_dB of 13.45 indicates moderate scattering efficiency, while the high PhaseVar_rad2 of 3.3039 suggests significant phase fluctuations consistent with dielectric materials or coated surfaces. The RAG context notes that for dielectric bodies or bodies with dielectric coatings, no precise creeping wave estimates exist, aligning with the observed electromagnetic behavior that differs from perfect conductors."
rigui_283,15.38,3.2915,dielectric_or_coated_body,medium,"The observed SCR of 15.38 dB and high phase variance of 3.2915 rad² suggest a non-perfectly conducting body. According to the retrieved context, for such bodies (particularly dielectric or coated ones), no reliable creeping wave estimates exist, indicating these electromagnetic characteristics are consistent with dielectric materials or bodies with dielectric coatings rather than perfect conductors."
rigui_284,14.95,3.2956,dielectric_or_coated_body,medium,"The observed SCR of 14.95 dB and high phase variance of 3.2956 rad² suggest significant wave interaction beyond perfect conductor behavior. The RAG context indicates that for non-perfectly conducting bodies like dielectric bodies or dielectric-coated bodies, creeping wave estimates are limited and experimental data is relied upon. The moderate SCR with high phase variance aligns with complex dielectric interactions rather than simple metallic reflection."
rigui_285,14.05,3.2719,金属材质,中高,观测值 SCR_dB=14.05 表明目标具有中等强度的散射回波，PhaseVar_rad2=3.2719 表明相位变化较大，这通常与表面粗糙或存在复杂散射机制（如边缘绕射、爬行波）有关。结合RAG文献中提到的‘perfectly conducting bodies’（理想导电体）在特定频率下爬行波贡献的讨论，以及‘dielectric coatings’（介质涂层）的提及，高相位方差可能源于金属基底上的涂层或表面不规则性引起的复杂干涉。因此，推断目标主体为金属材质，可能带有涂层或具有复杂几何结构。
rigui_286,13.91,3.3022,dielectric_or_coated_body,medium,"The observed SCR of 13.91 dB and high phase variance of 3.3022 rad² suggest significant scattering complexity, consistent with dielectric materials or coated bodies where creeping wave contributions are not well-characterized theoretically, as noted in the context about non-perfectly conducting bodies."
rigui_287,16.28,3.2773,dielectric_or_coated_body,medium,"The observed SCR of 16.28 dB and high phase variance of 3.2773 rad² suggest significant scattering complexity, which aligns with dielectric bodies or bodies with dielectric coatings as mentioned in the context. These materials typically exhibit more complex electromagnetic interactions compared to perfect conductors, leading to higher phase variations and moderate SCR values."
rigui_288,16.67,3.2887,dielectric_or_coated_body,medium,"The observed SCR_dB value of 16.67 suggests moderate radar cross-section, while the high PhaseVar_rad2 value of 3.2887 indicates significant phase variation. This combination aligns with dielectric bodies or bodies with dielectric coatings as referenced in the context, where creeping wave contributions are complex and not well-characterized for non-perfectly conducting materials."
rigui_289,14.8,3.2924,dielectric_or_coated_body,medium,"The observed SCR_dB value of 14.8 suggests moderate radar cross-section, which is typical for dielectric or coated bodies rather than perfect conductors. The high PhaseVar_rad2 value of 3.2924 indicates significant phase variation, consistent with dielectric scattering effects. The RAG context supports this inference by noting the lack of creeping wave estimates for dielectric bodies, aligning with the observed electromagnetic characteristics."
rigui_290,14.22,3.282,dielectric,medium,"The observed SCR_dB of 14.22 indicates moderate scattering efficiency, while the high PhaseVar_rad2 of 3.282 suggests significant phase fluctuations characteristic of dielectric materials. The RAG context mentions 'relatively lossy dielectric bodies' which aligns with these observations, as perfect conductors typically exhibit lower phase variance and different scattering behavior."
rigui_291,14.91,3.2771,dielectric,medium,"The observed SCR_dB of 14.91 indicates moderate scattering efficiency, while the high PhaseVar_rad2 of 3.2771 suggests significant phase fluctuations characteristic of dielectric materials. The RAG context mentions 'relatively loose dielectric bodies' and lack of creeping wave estimates for non-perfect conductors, supporting the dielectric classification."
rigui_292,13.57,3.2993,dielectric_or_coated_material,medium,"The observed SCR_dB of 13.57 indicates moderate scattering efficiency, while the high PhaseVar_rad2 of 3.2993 suggests significant phase fluctuations. This combination is inconsistent with perfect conductors, which typically exhibit lower phase variance. The RAG context mentions that for non-perfectly conducting bodies, particularly dielectric bodies or bodies with dielectric coatings, creeping wave estimates are not well-established, aligning with the observed electromagnetic behavior."
rigui_293,14.3,3.29,dielectric,medium,"The observed SCR_dB of 14.3 dB and PhaseVar_rad2 of 3.29 rad² suggest moderate scattering with significant phase variation, which aligns more with dielectric materials rather than perfect conductors. The RAG context indicates that for non-perfectly conducting bodies like dielectric materials, creeping wave estimates are less established, and experimental data is often relied upon. These characteristics are consistent with dielectric behavior where both amplitude and phase fluctuations are more pronounced compared to metallic surfaces."
rigui_294,13.96,3.3042,dielectric_or_coated_body,medium,"The observed SCR_dB of 13.96 indicates moderate scattering efficiency, while the high PhaseVar_rad2 of 3.3042 suggests significant phase fluctuations typical of dielectric materials or coated structures. The RAG context mentions that for non-perfectly conducting bodies, particularly dielectric bodies or bodies with dielectric coatings, no reliable creeping wave estimates exist, aligning with the observed electromagnetic behavior that differs from perfect conductors."
rigui_295,12.72,3.2804,dielectric,medium,"SCR_dB=12.72 indicates moderate conductivity, while PhaseVar_rad2=3.2804 suggests significant phase variation consistent with dielectric materials. The RAG context mentions 'relatively lossy dielectric bodies' which aligns with these observations, ruling out perfect conductors."
rigui_296,0.76,3.2909,金属,中,观测值 SCR_dB=0.76dB 表明目标具有较高的雷达散射截面，这通常与金属等良导体相关。PhaseVar_rad2=3.29 rad² 表明相位变化较大，这可能由目标表面粗糙度、复杂几何形状或非理想导电性引起。结合RAG文献中提到的“对于非完美导电体，特别是相对低损耗的介电体或具有介电涂层的物体，没有爬行波估计”，当前观测到的较强回波和较大相位变化更符合金属（可能带有涂层或表面不完美）的特征，而非低损耗纯介电体。因此推断为金属材质，但涂层或表面状况导致置信度为中。
rigui_297,10.23,3.2797,dielectric_or_coated_material,medium,"The observed SCR_dB of 10.23 dB indicates moderate radar cross-section, while the high PhaseVar_rad2 of 3.2797 rad² suggests significant phase fluctuations. This combination is inconsistent with perfect conductors, which typically exhibit lower phase variance. The RAG context mentions that for non-perfectly conducting bodies, particularly dielectric bodies or bodies with dielectric coatings, no reliable creeping wave estimates exist, aligning with the observed electromagnetic behavior. The moderate confidence reflects the limited specificity of the available data."
rigui_298,11.59,3.3157,dielectric_or_coated_material,medium,"The observed SCR_dB of 11.59 dB indicates moderate radar cross-section, while the high PhaseVar_rad2 of 3.3157 rad² suggests significant phase fluctuations typical of dielectric materials or coated surfaces. The RAG context mentions that for non-perfectly conducting bodies, particularly dielectric bodies or bodies with dielectric coatings, no reliable creeping wave estimates exist, aligning with the observed electromagnetic characteristics that deviate from perfect conductor behavior."
rigui_299,5.36,3.2766,dielectric_or_coated_material,medium,"The observed SCR_dB of 5.36 indicates moderate scattering efficiency, while the high PhaseVar_rad2 of 3.2766 suggests significant phase fluctuations typical of dielectric materials or coated surfaces. The RAG context notes that for non-perfectly conducting bodies, particularly dielectric bodies or bodies with dielectric coatings, no reliable creeping wave estimates exist, aligning with the observed electromagnetic characteristics."
rigui_300,10.15,3.3299,dielectric,medium,"The observed SCR_dB of 10.15 dB indicates moderate radar cross-section, while the high PhaseVar_rad2 of 3.3299 rad² suggests significant phase fluctuations typical of dielectric materials. The RAG context mentions 'relatively lossy dielectric bodies' as having no existing creeping wave estimates, aligning with these characteristics. The combination rules out perfect conductors which would typically show lower phase variance."
rigui_301,10.12,3.2832,dielectric,medium,"SCR_dB=10.12 indicates moderate scattering efficiency, while PhaseVar_rad2=3.2832 suggests significant phase variation characteristic of dielectric materials. The retrieved literature mentions 'relatively low dielectric bodies or bodies with dielectric coatings' as having distinct electromagnetic behavior, supporting this classification."
rigui_302,11.34,3.2753,dielectric_or_coated_material,medium,"The observed SCR_dB of 11.34 indicates moderate scattering efficiency, while the PhaseVar_rad2 of 3.2753 suggests significant phase variation consistent with dielectric properties or coatings. The RAG context mentions that for non-perfectly conducting bodies, particularly dielectric bodies or those with dielectric coatings, creeping wave estimates are not well-established, aligning with the observed electromagnetic characteristics that deviate from perfect conductor behavior."
rigui_303,13.85,3.2877,dielectric,medium,"The observed SCR_dB of 13.85 indicates moderate scattering efficiency, while the high PhaseVar_rad2 of 3.2877 suggests significant phase fluctuations typical of dielectric materials. The RAG context mentions that for non-perfectly conducting bodies like dielectric materials, creeping wave estimates are limited, aligning with the observed electromagnetic behavior."
rigui_304,6.85,3.2904,dielectric,medium,"SCR_dB=6.85 indicates moderate scattering efficiency, while PhaseVar_rad2=3.2904 suggests significant phase variation characteristic of dielectric materials. The RAG context mentions 'relatively loose dielectric bodies' and lack of perfect conductor creeping wave estimates, supporting dielectric classification over perfect conductor."
rigui_305,6.93,3.2695,dielectric,medium,SCR_dB=6.93表明中等散射强度，PhaseVar_rad2=3.2695显示显著的相位波动，这与文献中提到的'relatively lossy dielectric bodies'特征相符，而非完美导体的行为。
rigui_306,7.55,3.2971,dielectric,medium,"SCR_dB=7.55 indicates moderate scattering with some loss, while PhaseVar_rad2=3.2971 suggests significant phase variation consistent with dielectric materials. The RAG context mentions 'relatively lossy dielectric bodies' which aligns with these observations, ruling out perfect conductors that would typically show lower phase variance."
rigui_307,7.33,3.2925,dielectric_or_coated_body,medium,"The observed SCR_dB of 7.33 dB indicates moderate radar cross-section, while the high PhaseVar_rad2 of 3.2925 rad² suggests significant phase fluctuations. These characteristics align with dielectric materials or coated bodies mentioned in the RAG context, which exhibit complex electromagnetic interactions and lack perfect conductivity. The confidence is medium due to limited specific parameter thresholds in the provided literature."
rigui_308,6.64,3.2765,dielectric_or_coated_material,medium,"The observed SCR_dB of 6.64 indicates moderate radar return strength, while the high PhaseVar_rad2 of 3.2765 suggests significant phase fluctuations. This combination aligns with dielectric materials or coated bodies mentioned in the context, where creeping wave contributions are less predictable and experimental data is often required. The phase variance particularly suggests non-perfectly conducting properties."
rigui_309,5.66,3.2887,dielectric_or_coated_material,medium,"The observed SCR_dB of 5.66 indicates moderate scattering efficiency, while the high PhaseVar_rad2 of 3.2887 suggests significant phase fluctuations. These characteristics align with dielectric materials or coated structures mentioned in the RAG context, where creeping wave contributions are less predictable and rely more on experimental data. The values are inconsistent with perfect conductors, which typically exhibit more stable phase behavior."
rigui_310,6.25,3.2943,dielectric_or_coated_material,medium,"The observed SCR_dB of 6.25 indicates moderate radar cross-section, while the high PhaseVar_rad2 of 3.2943 suggests significant phase fluctuations typical of dielectric materials or coated surfaces. The RAG context mentions that for non-perfectly conducting bodies, particularly dielectric bodies or bodies with dielectric coatings, creeping wave estimates are not well-established, aligning with the observed electromagnetic characteristics that deviate from perfect conductor behavior."
rigui_311,6.48,3.2755,dielectric,medium,"SCR_dB=6.48 indicates moderate scattering with some loss, consistent with dielectric materials rather than perfect conductors. PhaseVar_rad2=3.2755 shows significant phase variation, which aligns with dielectric wave interactions. The RAG context mentions non-perfectly conducting bodies and dielectric coatings, supporting this classification."
rigui_312,6.01,3.2953,dielectric,medium,SCR_dB=6.01表明中等散射强度，PhaseVar_rad2=3.2953显示显著的相位变化，这与文献中提到的'relatively lossy dielectric bodies'特征一致，而非完美导体在较高频率下的行为。
rigui_313,4.42,3.2799,dielectric_or_coated_body,medium,"The observed SCR_dB of 4.42 dB indicates moderate radar cross-section enhancement, while the high PhaseVar_rad2 of 3.2799 rad² suggests significant phase fluctuations. These characteristics align with dielectric materials or coated bodies, as referenced in the context which mentions 'relatively loose dielectric bodies or bodies with dielectric coatings' where creeping wave contributions are not well-estimated and rely on experimental data. The values are inconsistent with perfect conductor behavior."
rigui_314,13.23,3.271,dielectric,medium,"The observed SCR_dB of 13.23 dB indicates moderate scattering efficiency, while the high PhaseVar_rad2 of 3.271 rad² suggests significant phase fluctuations characteristic of dielectric materials. The RAG context mentions 'relatively loose dielectric bodies' and the absence of creeping wave estimates for such materials, aligning with these observations. The combination rules out perfect conductors and supports a dielectric classification."
rigui_315,14.0,3.2872,dielectric,medium,"SCR_dB=14.0 indicates moderate scattering return, while PhaseVar_rad2=3.2872 suggests significant phase variation consistent with dielectric materials. The RAG context mentions dielectric bodies exhibit different creeping wave behavior compared to perfect conductors, supporting this classification."
rigui_316,13.74,3.2897,dielectric_or_coated_material,medium,"The observed SCR of 13.74 dB indicates moderate scattering efficiency, while the high phase variance of 3.2897 rad² suggests significant wave interaction and dispersion. These characteristics align with dielectric materials or coated structures mentioned in the context, which exhibit complex electromagnetic behavior unlike perfect conductors. The absence of creeping wave estimates for such materials in the retrieved literature supports this classification."
rigui_317,15.22,3.2939,dielectric,medium,"The observed SCR_dB of 15.22 indicates moderate scattering efficiency, while the PhaseVar_rad2 of 3.2939 suggests significant phase variation consistent with dielectric materials. The RAG context mentions that for non-perfectly conducting bodies like dielectric materials, creeping wave estimates are limited, aligning with the observed electromagnetic behavior."
rigui_318,14.98,3.2853,金属材质,中高,观测值 SCR_dB=14.98dB 表明目标具有中等强度的散射回波，PhaseVar_rad2=3.2853 rad² 表明相位变化较大，这通常与电导率较高、表面不连续或存在边缘/尖端衍射的金属目标特征相符。RAG 文献中提到‘perfectly conducting bodies’（理想导电体）的爬行波贡献在特定条件下可估算，支持金属材质推断。然而，非理想导体或介质涂层也可能导致类似散射，故置信度为中高。
rigui_319,13.97,3.2855,dielectric,medium,"The observed SCR of 13.97 dB and high phase variance of 3.2855 rad² suggest significant wave interaction and scattering, consistent with dielectric materials rather than perfect conductors. The RAG context indicates that for non-perfectly conducting bodies like dielectric materials, creeping wave estimates are limited, aligning with the complex scattering behavior observed."
rigui_320,12.92,3.3149,dielectric_or_coated_material,medium,"The observed SCR_dB of 12.92 indicates moderate radar cross-section, while the high PhaseVar_rad2 of 3.3149 suggests significant phase variation characteristic of dielectric materials or coated surfaces. The RAG context mentions that for non-perfectly conducting bodies, particularly dielectric bodies or bodies with dielectric coatings, no reliable creeping wave estimates exist, aligning with the observed electromagnetic behavior."
